ocean,cd1,cd2,cd3,cd4,wd1,wd2,wd3,wd4,max_w,max_c,cd1_r,cd2_r,cd3_r,cd4_r,wd1_r,wd2_r,wd3_r,wd4_r
atlantic,26154.490747126434,35903.64540229884,6073.764425287355,0.07873563218390804,7.713275862068963,131.2436781609195,463.91632183908047,10.070689655172416,2286.1178846153844,35903.64540229884,0.8535006597452182,1.0,0.4113009368745344,0.0014808681290799002,0.058085819559170464,0.2396016949725744,0.4504748150212553,0.06637129565626285
indian,742.6728899082567,3771.7923394495424,912.8457798165135,5.325275229357799,0.08412844036697248,5.820229357798166,124.04224770642202,823.399724770642,2286.1178846153844,35903.64540229884,0.14382338714384385,0.32411909234991065,0.15945180250911523,0.012178723099685231,0.006066275197527576,0.0504569202669607,0.23293540441915098,0.600144800922866
mediterranean,11046.60794642857,6284.749330357145,3220.4716964285726,4.252232142857144,0.0,0.0,0.0,142.07464285714266,2286.1178846153844,35903.64540229884,0.554683436330435,0.41838365266516236,0.2994956165016399,0.010882763967275322,0.0,0.0,0.0,0.24929236396122365
pacific,8826.241586538461,15660.145096153845,1655.849134615384,8.009711538461541,1.3787499999999997,48.651298076923084,282.9236538461539,2286.1178846153844,2286.1178846153844,35903.64540229884,0.49581382503030297,0.6604327752147536,0.21475392482668246,0.014936167139853703,0.02455802584699938,0.14588072248796147,0.3517914811098281,1.0
